{
  "results": [
    {
      "command": "nixEval \"$nix_2_5\" \"$sys1\"",
      "mean": 6.73042681852,
      "stddev": 0.24773362982514358,
      "median": 6.733469896020001,
      "user": 7.078920859999999,
      "system": 0.8136400799999999,
      "min": 6.19984998102,
      "max": 7.08245865802,
      "times": [
        6.19984998102,
        6.70793729802,
        6.60138136802,
        6.79455470002,
        6.83172462602,
        6.66538034502,
        6.61873483302,
        7.0432438820200005,
        7.08245865802,
        6.759002494020001
      ],
      "exit_codes": [
        0,
        0,
        0,
        0,
        0,
        0,
        0,
        0,
        0,
        0
      ],
      "parameters": {
        "version": "2_5"
      }
    },
    {
      "command": "nixEval \"$nix_2_6\" \"$sys1\"",
      "mean": 6.278808618520001,
      "stddev": 0.36370705968546735,
      "median": 6.44313981402,
      "user": 6.225556759999999,
      "system": 0.7897431799999999,
      "min": 5.63724205702,
      "max": 6.68682943802,
      "times": [
        6.68682943802,
        6.46050107502,
        6.52913781202,
        5.63724205702,
        5.91681332302,
        6.53555216502,
        5.90998764502,
        6.42577855302,
        6.62053923502,
        6.06570488202
      ],
      "exit_codes": [
        0,
        0,
        0,
        0,
        0,
        0,
        0,
        0,
        0,
        0
      ],
      "parameters": {
        "version": "2_6"
      }
    },
    {
      "command": "nixEval \"$nix_2_7\" \"$sys1\"",
      "mean": 5.77356218882,
      "stddev": 0.20631109963807073,
      "median": 5.6939301240199995,
      "user": 5.37973726,
      "system": 0.77342218,
      "min": 5.57563061502,
      "max": 6.18448700202,
      "times": [
        6.0549930540200005,
        5.69520374702,
        5.65976930202,
        6.18448700202,
        5.91257945202,
        5.57563061502,
        5.583722116020001,
        5.676110936020001,
        5.69265650102,
        5.70046916302
      ],
      "exit_codes": [
        0,
        0,
        0,
        0,
        0,
        0,
        0,
        0,
        0,
        0
      ],
      "parameters": {
        "version": "2_7"
      }
    },
    {
      "command": "nixEval \"$nix_2_8\" \"$sys1\"",
      "mean": 5.65664805052,
      "stddev": 0.15746915693173066,
      "median": 5.60775408702,
      "user": 5.265628559999999,
      "system": 0.7842699799999999,
      "min": 5.486385927020001,
      "max": 5.94402787702,
      "times": [
        5.71169164502,
        5.67188540202,
        5.51951002502,
        5.90528412902,
        5.6132739780200005,
        5.60223419602,
        5.94402787702,
        5.486385927020001,
        5.59241998902,
        5.51976733702
      ],
      "exit_codes": [
        0,
        0,
        0,
        0,
        0,
        0,
        0,
        0,
        0,
        0
      ],
      "parameters": {
        "version": "2_8"
      }
    },
    {
      "command": "nixEval \"$nix_2_9\" \"$sys1\"",
      "mean": 5.63337836212,
      "stddev": 0.08575149105877759,
      "median": 5.64333741202,
      "user": 5.08992346,
      "system": 0.7272552799999998,
      "min": 5.50135247202,
      "max": 5.8211930810200005,
      "times": [
        5.65203383102,
        5.67402570502,
        5.635157206020001,
        5.50135247202,
        5.58780263802,
        5.65151761802,
        5.65429027102,
        5.8211930810200005,
        5.542570700020001,
        5.61384009902
      ],
      "exit_codes": [
        0,
        0,
        0,
        0,
        0,
        0,
        0,
        0,
        0,
        0
      ],
      "parameters": {
        "version": "2_9"
      }
    },
    {
      "command": "nixEval \"$nix_2_10\" \"$sys1\"",
      "mean": 5.7386622992200005,
      "stddev": 0.16326157228979654,
      "median": 5.809625973019999,
      "user": 4.339592959999999,
      "system": 0.7065909799999999,
      "min": 5.37638506902,
      "max": 5.86601025502,
      "times": [
        5.81550596302,
        5.82639159202,
        5.76622717802,
        5.71228604602,
        5.84453349102,
        5.80374598302,
        5.85621003002,
        5.86601025502,
        5.51932738502,
        5.37638506902
      ],
      "exit_codes": [
        0,
        0,
        0,
        0,
        0,
        0,
        0,
        0,
        0,
        0
      ],
      "parameters": {
        "version": "2_10"
      }
    },
    {
      "command": "nixEval \"$nix_2_11\" \"$sys1\"",
      "mean": 5.50794494472,
      "stddev": 0.14080398271848363,
      "median": 5.49196500002,
      "user": 4.174002759999999,
      "system": 0.6704275799999999,
      "min": 5.397949623020001,
      "max": 5.88063738902,
      "times": [
        5.41125547302,
        5.49880752102,
        5.51679287002,
        5.397949623020001,
        5.52414665902,
        5.88063738902,
        5.42249012802,
        5.53081071802,
        5.41143658702,
        5.48512247902
      ],
      "exit_codes": [
        0,
        0,
        0,
        0,
        0,
        0,
        0,
        0,
        0,
        0
      ],
      "parameters": {
        "version": "2_11"
      }
    },
    {
      "command": "nixEval \"$nix_2_12\" \"$sys1\"",
      "mean": 5.85670426802,
      "stddev": 0.19056752674442404,
      "median": 5.86171040402,
      "user": 4.41669766,
      "system": 0.70889028,
      "min": 5.43689260902,
      "max": 6.21983064502,
      "times": [
        5.43689260902,
        5.81919121902,
        5.89904175602,
        5.96290058602,
        5.8774243440200005,
        5.85260673302,
        5.81370635402,
        5.87081407502,
        6.21983064502,
        5.81463435902
      ],
      "exit_codes": [
        0,
        0,
        0,
        0,
        0,
        0,
        0,
        0,
        0,
        0
      ],
      "parameters": {
        "version": "2_12"
      }
    },
    {
      "command": "nixEval \"$nix_2_13\" \"$sys1\"",
      "mean": 5.9101657992200005,
      "stddev": 0.10872919523949631,
      "median": 5.885439184020001,
      "user": 4.455949159999999,
      "system": 0.74192808,
      "min": 5.77755052902,
      "max": 6.14864990902,
      "times": [
        5.91632215402,
        5.83212928902,
        5.83149915102,
        5.77755052902,
        5.95123416802,
        5.8545562140200005,
        5.834511405020001,
        5.980975759020001,
        6.14864990902,
        5.97422941402
      ],
      "exit_codes": [
        0,
        0,
        0,
        0,
        0,
        0,
        0,
        0,
        0,
        0
      ],
      "parameters": {
        "version": "2_13"
      }
    },
    {
      "command": "nixEval \"$nix_2_14\" \"$sys1\"",
      "mean": 5.98179133722,
      "stddev": 0.09576660841561313,
      "median": 5.974010550520001,
      "user": 4.565930259999999,
      "system": 0.6993417799999999,
      "min": 5.87388233902,
      "max": 6.16555078502,
      "times": [
        6.16555078502,
        5.979684364020001,
        6.03848582202,
        6.09214534302,
        5.88785988302,
        5.9683367370200004,
        6.00259320102,
        5.87388233902,
        5.91893019202,
        5.89044470602
      ],
      "exit_codes": [
        0,
        0,
        0,
        0,
        0,
        0,
        0,
        0,
        0,
        0
      ],
      "parameters": {
        "version": "2_14"
      }
    },
    {
      "command": "nixEval \"$nix_2_15\" \"$sys1\"",
      "mean": 5.70680820552,
      "stddev": 0.18636572405779997,
      "median": 5.73152114102,
      "user": 4.33128716,
      "system": 0.69649228,
      "min": 5.3608001210200005,
      "max": 5.9425955120200005,